INSERT INTO ZAKAZNICI (ID_ZAKAZNIKA, JMENO, DATUM_NAROZENI, KONTAKTNI TELEFON) VALUES ('1', 'Anastasia Levchenko', 
TO_DATE('2002-04-18', 'YYYY-MM-DD'), '778908898') 
INSERT INTO ZAKAZNICI (ID_ZAKAZNIKA, JMENO, DATUM_NAROZENI, KONTAKTNI TELEFON, KONTAKTNI_EMAIL) VALUES ('2', 'Robin Jaensch', 
TO_DATE('1995-03-02', 'YYYY-MM-DD'), '788164655', 'rjaefa@gmail.com' ) 
INSERT INTO ZAKAZNICI (ID_ZAKAZNIKA, JMENO, DATUM_NAROZENI, KONTAKTNI TELEFON, KONTAKTNI_EMAIL) VALUES ('3', 'Felix Donaubauer', 
TO_DATE('1998-11-11', 'YYYY-MM-DD'), '777029916', 'alter.egon@gmail.com' ) 

INSERT INTO JAZYK (ID_JAZYKA, NAZEV, CENA_LEKCE) VALUES ('01', 'Angličtina', '350')
INSERT INTO JAZYK (ID_JAZYKA, NAZEV, CENA_LEKCE) VALUES ('02', 'Němčina', '300')
INSERT INTO JAZYK (ID_JAZYKA, NAZEV, CENA_LEKCE) VALUES ('03', 'Francouzština', '300') 
INSERT INTO JAZYK (ID_JAZYKA, NAZEV, CENA_LEKCE) VALUES ('04', 'Španělština', '300') 

INSERT INTO UROVEN (KOD, NAZEV, POČET_BODU) VALUES ('A1', 'Začátečník', '0') 
INSERT INTO UROVEN (KOD, NAZEV, POČET_BODU) VALUES ('A2', 'Pokročilý začátečník', '20') 
INSERT INTO UROVEN (KOD, NAZEV, POČET_BODU) VALUES ('B1', 'Mírně pokročilý', '40') 
INSERT INTO UROVEN (KOD, NAZEV, POČET_BODU) VALUES ('B2', 'Pokročilý', '65') 
INSERT INTO UROVEN (KOD, NAZEV, POČET_BODU) VALUES ('C1', 'Velmi pokročilý', '90') 

INSERT INTO SE_DELI_NA (JAZYK_ID_JAZYKA, UROVEN_KOD) VALUES ('1', 'A1') 
INSERT INTO SE_DELI_NA (JAZYK_ID_JAZYKA, UROVEN_KOD) VALUES ('1', 'A2') 
INSERT INTO SE_DELI_NA (JAZYK_ID_JAZYKA, UROVEN_KOD) VALUES ('1', 'B1') 
INSERT INTO SE_DELI_NA (JAZYK_ID_JAZYKA, UROVEN_KOD) VALUES ('1', 'B2') 
INSERT INTO SE_DELI_NA (JAZYK_ID_JAZYKA, UROVEN_KOD) VALUES ('1', 'C1') 
INSERT INTO SE_DELI_NA (JAZYK_ID_JAZYKA, UROVEN_KOD) VALUES ('2', 'A1') 
INSERT INTO SE_DELI_NA (JAZYK_ID_JAZYKA, UROVEN_KOD) VALUES ('2', 'A2')
INSERT INTO SE_DELI_NA (JAZYK_ID_JAZYKA, UROVEN_KOD) VALUES ('2', 'B1') 
INSERT INTO SE_DELI_NA (JAZYK_ID_JAZYKA, UROVEN_KOD) VALUES ('2', 'B2') 
INSERT INTO SE_DELI_NA (JAZYK_ID_JAZYKA, UROVEN_KOD) VALUES ('2', 'C1') 
INSERT INTO SE_DELI_NA (JAZYK_ID_JAZYKA, UROVEN_KOD) VALUES ('3', 'A1') 
INSERT INTO SE_DELI_NA (JAZYK_ID_JAZYKA, UROVEN_KOD) VALUES ('3', 'A2') 
INSERT INTO SE_DELI_NA (JAZYK_ID_JAZYKA, UROVEN_KOD) VALUES ('3', 'B1') 
INSERT INTO SE_DELI_NA (JAZYK_ID_JAZYKA, UROVEN_KOD) VALUES ('3', 'B2')
INSERT INTO SE_DELI_NA (JAZYK_ID_JAZYKA, UROVEN_KOD) VALUES ('3', 'C1')
INSERT INTO SE_DELI_NA (JAZYK_ID_JAZYKA, UROVEN_KOD) VALUES ('4', 'A1') 
INSERT INTO SE_DELI_NA (JAZYK_ID_JAZYKA, UROVEN_KOD) VALUES ('4', 'A2') 
INSERT INTO SE_DELI_NA (JAZYK_ID_JAZYKA, UROVEN_KOD) VALUES ('4', 'B1') 
INSERT INTO SE_DELI_NA (JAZYK_ID_JAZYKA, UROVEN_KOD) VALUES ('4', 'B2') 
INSERT INTO SE_DELI_NA (JAZYK_ID_JAZYKA, UROVEN_KOD) VALUES ('4', 'C1') 

INSERT INTO ZAMESTNANCI (ID_ZAMESTNANCE, JMENO, DATUM_NAROZENI, FUNKCE, KONTAKTNI TELEFON) VALUES ('101', 'Kamila Srp', 
TO_DATE('1978-10-16', 'YYYY-MM-DD'), 'účetní', '767778532') 
INSERT INTO ZAMESTNANCI (ID_ZAMESTNANCE, JMENO, DATUM_NAROZENI, FUNKCE, KONTAKTNI TELEFON) VALUES ('102', 'Florian Fuerstenberg', 
TO_DATE('1998-05-04', 'YYYY-MM-DD'), 'lektor', '777778097') 
INSERT INTO ZAMESTNANCI (ID_ZAMESTNANCE, JMENO, DATUM_NAROZENI, FUNKCE, KONTAKTNI TELEFON) VALUES ('103', 'Diego Johns', 
TO_DATE('1988-12-01', 'YYYY-MM-DD'), 'lektor', '766788582') 
INSERT INTO ZAMESTNANCI (ID_ZAMESTNANCE, JMENO, DATUM_NAROZENI, FUNKCE, KONTAKTNI TELEFON) VALUES ('104', 'Anna Zázvorková', 
TO_DATE('1996-10-28', 'YYYY-MM-DD'), 'administrátor', '769878242') 

INSERT INTO LEKTORI (ID_ZAMESTNANCE, PRAXE, JMENO, DATUM_NAROZENI, FUNKCE, KONTAKTNI TELEFON) VALUES ('102', '2', 'Florian Fuerstenberg', 
TO_DATE('1998-05-04', 'YYYY-MM-DD'), 'lektor', '777778097')  
INSERT INTO LEKTORI (ID_ZAMESTNANCE, PRAXE, JMENO, DATUM_NAROZENI, FUNKCE, KONTAKTNI TELEFON) VALUES ('103', '7', 'Diego Johns', 
TO_DATE('1988-12-01', 'YYYY-MM-DD'), 'lektor', '766788582')

INSERT INTO UCI (LEKTORI_ID_ZAMESTNANCE, JAZYK_ID_JAZYKA, ZAKAZNICI_ID_ZAKAZNIKA) VALUES ('102', '02', '1') 
INSERT INTO UCI (LEKTORI_ID_ZAMESTNANCE, JAZYK_ID_JAZYKA, ZAKAZNICI_ID_ZAKAZNIKA) VALUES ('102', '01', '1') 
INSERT INTO UCI (LEKTORI_ID_ZAMESTNANCE, JAZYK_ID_JAZYKA, ZAKAZNICI_ID_ZAKAZNIKA) VALUES ('103', '04', '2') 
INSERT INTO UCI (LEKTORI_ID_ZAMESTNANCE, JAZYK_ID_JAZYKA, ZAKAZNICI_ID_ZAKAZNIKA) VALUES ('103', '03', '3') 

